{
  "epoch": 25,
  "metrics": {
    "triple_recall@100": 0.3486700797767864,
    "ans_recall@100": 0.3795137575096187
  },
  "uncertainty": {
    "mean_std": 29.139015996558033,
    "max_std": 80.17176384396024,
    "uncertainty_correctness_corr": 0.014939682346639763,
    "top100_uncertainty": 10.02694034576416
  },
  "test_metrics": {
    "triple_recall@100": 0.33444134989287383,
    "ans_recall@100": 0.3713267325899818
  }
}