{
  "epoch": 12,
  "metrics": {
    "triple_recall@100": 0.8326001502299194,
    "ans_recall@100": 0.8943097077134741
  },
  "uncertainty": {
    "mean_std": 5.788545473832455e-08,
    "max_std": 1.936027255001777e-06,
    "uncertainty_correctness_corr": NaN,
    "top100_uncertainty": 4.117026008998437e-08
  },
  "test_metrics": {
    "triple_recall@100": 0.8243537531096832,
    "ans_recall@100": 0.8807672188103892
  }
}